﻿title,abstract
System and method for capture of qualified compliance data at point of clinical care,"A system and related techniques generate and maintain a set of compliance-qualified data schemas or templates for deployment in a hospital or other clinical setting. According to conventional implementations, the clinical data required by regulatory reporting bodies such as CMS (Centers for Medicare and Medicaid Services), JCAHO (Joint Commission on Accreditation of Healthcare Organizations) or other government or private bodies may not be systematically captured or track, so that compliance officers and other managers are left to reconstruct compliance data after the face, for instance from patient accounting systems or other platforms not designed to filter or store regulatory data. Platforms and methods according to the invention, in contrast, may access regulatory or compliance criteria and generate a data capture or documented care template, according to which various clinical measures and other information which are required by compliance bodies are automatically captured, at the point of care. Thus patient labs, tests, outcomes and other clinically related data may be conditioned to include that information demanded by regulatory standards, including lab ratios and others, and that data may be automatically recorded, stored, and in embodiments, transmitted to regulatory bodies or agencies, electronically. The regulatory data store that results may likewise in embodiments be accessed by analytic tools to model various compliance and clinical scenarios."
Failure sensing device of vehicle control system,"A vehicle control system is configured by basic control units of a power train control unit, a steering control unit and a brake control unit that are arranged in a lower control hierarchy level, a vehicle motion control manager unit that is arranged in a middle control hierarchy level, and a driving support control unit that is arranged in an upper control hierarchy level. The basic control units transmits input data to vehicle motion control manager unit of middle control hierarchy level and/or driving support control unit of upper control hierarchy level, and receives a calculation result of the input data substituted into a predetermined calculation formula at vehicle motion control manager unit and/or driving support control unit. If the input data and the calculation result data are not consistent, it determines that there is a failure in vehicle motion control manager unit and/or driving support control unit."
Apparatus and method for transmitting digital data over various communication media,"A system is described for transmitting video signals over various communication media using digital signal processing techniques. An embodiment of the system uses an orthogonal frequency division multiplexing (OFDM) modulation process that enables high-speed data communications of Ethernet and/or MPEG or JPEG or H264 compressed or uncompressed digital video. A second embodiment frequency modulates the OFDM modulated signal (FM-OFDM). The first and second embodiments are implemented with a transmit Ethernet interface, an MPEG or JPEG or H264 compressed or uncompressed digital video capture device, and a modem including a modulator and demodulator that provides communication with several other modem devices along communication media such as power lines, wireless (air), cable, or twisted pairs."
Safety system for a means of transportation and a method relating to the same,"In order to enhance a safety system, in particular an accident avoidance system for a means of transportation, in particular a motor vehicle, having at least one steering system and at least one brake system in such a way that an avoidance maneuver initiated by the operator of the means of transportation when approaching an obstacle is supported with respect to both the device and the method, thus preventing an accident through collision, the evaluation unit determines at least one driving variation, in particular at least one avoidance trajectory and/or at least one automatic emergency braking action from the data and information and when or after the operator of the means of transportation initiates a driving maneuver, in particular an avoidance maneuver or an emergency braking maneuver, the safety system, in particular the evaluation unit specifies, supports and/or suggests this driving maneuver in an optimized form, in particular in the form of an optimal avoidance trajectory or in the form of an automatic emergency braking."
Mirror assembly,"An interior rearview mirror assembly for a vehicle includes a casing having a human machine interface thereat. The human machine interface includes at least one user actuatable input integrally formed at a portion of the casing during the molding operation that forms the casing. The mirror assembly includes circuitry. The user actuatable input may be actuatable by a user to operate at least one element of the circuitry. The human machine interface may be at least partially at a bezel portion of the casing, or may be at least partially at a rear casing portion of the mirror casing."
Ruggedized analog front-end for a network communicative device in a railway-like environment,"A ruggedized analog front-end for interconnecting a network communicative device to a two-conductor based network operable in a train-like or other harsh environment. The front-end has a coupling circuit having first and second coupling channels providing isolation, impedance matching and energy transfer between a common mode filter circuit connectable to the two-conductor based network, and an amplifier and an attenuator respectively connectable to output and input of the network communicative device. The front-end has a power supply circuit for operative power supply of electronic components of the analog front-end."
Electrical supply network,"In order to improve an electrical supply network for on-board electrical systems of vehicles, comprising at least one network system with a current feed-in connection, with at least one load connection and with a supply line system which is guided from the current feed-in connection to the at least one load connection and has at least one current-carrying line harness and at least one protective casing surrounding this, in such a manner that an electric arc can either be avoided or when an electric arc is formed this can be terminated again as quickly as possible, it is suggested that the supply line system be provided with a detector line system which is connected at a first end to a detector circuit and is connected at at least one additional end to an end element, that the detector circuit generate a test signal which is influenced in the defect-free state by the detector line system and the end element and that the detector circuit detect a defect due to deviation of the test signal from a reference value range corresponding to the defect-free state."
Frequency measuring circuits including charge pumps and related memory devices and methods,"A frequency measuring circuit may include an edge detector, a charge pump, and an analog-to-digital (A/D) converter. The edge detector may be configured to generate an output pulse responsive to an edge of an input clock signal. The charge pump may be configured to generate an output signal responsive to the output pulse from the edge detector. The analog-to-digital (A/D) converter may be configured to convert the output signal into a digital value representing a frequency of the input clock signal. Related methods and integrated circuit memory devices are also discussed."
Movement sensor and method for producing a movement sensor,"A motion sensor, in particular an rpm sensor for the wheel rotation of a motor vehicle, and a method for producing a motion sensor are proposed, the motion sensor having an integrated circuit (32), connectable via an electrical cable (24), with a measured value transducer and an electronic circuit arrangement for processing the measurement signals. The sensor has a basic component (10), produced by casting or injection molding of thermoplastic, preferably polyamide, by the MID technique, into which basic component a permanent magnet (16) is integrated. A housingless integrated circuit (32) is mounted on the MID component by the flip-chip technique. The arrangement comprising the basic component (10) and the integrated circuit (32) and the permanent magnet (16) as well as the connection end of the cable (24) is sheathed, in a further method step, with an external encapsulation (42) and joined together to form a strong component unit that is well protected against environmental factors."
Apparatus and methods for evaluating a dynamic system,"A method of evaluating whether a vehicle under test is operating as intended. Parameters of the vehicle are sampled at a plurality of sample times to obtain a plurality of data samples. Data samples from more than one of the sample times are included in a sample set. The sample set is input to an artificial neural network (ANN). Many time-varying parameters, e.g., response times in motor vehicle systems, can be detected and evaluated."
Toner monitoring network printer system and method of monitoring a toner cartridge thereof,"A toner monitoring network printer system and method of monitoring a toner cartridge thereof. A first network printer includes a communication module to communicate data with terminals through a network and to support communication with a second network printer, a toner residue computing part to compute a toner residue value of a toner cartridge based on a number of pages printed by the first network printer, a memory to store toner cartridge information including the toner residue value computed by the toner residue computing part, and a central processing device to control the communication module to provide the second network printer with the toner cartridge information including the toner residue value computed by the toner residue computing part, and to control the toner cartridge information including the toner residue value provided from a second network printer to be stored in at least one of the memory and the toner cartridge."
Installation and maintenance method and system for maintaining a control module for remote starter and alarm system for vehicles,"An installation and maintenance method for maintaining a control module for remote starter and alarm system for vehicles includes the steps of plugging in a signal converter onto the control module, establishing an electronic connection between the control module and a first information processing device, obtaining a control information for the control module, and applying the control information on the control module. The signal converter includes a serial to wireless converter and the first information processing device includes a personal digital assistant (PDA). The method can further includes the steps of establishing a connection between the first information processing device and a second information processing device through a communication network and downloading an information from the second information processing device. A remote installation and maintenance system includes an information processing device, a communication network, and a server. The system installs and maintains the control module of the system."
"System, method, and apparatus for collecting telematics and sensor information in a delivery vehicle","The invention is directed to a data collection and evaluation system that includes a telematics device for collecting, time-stamping, and storing vehicle sensor data. Examples of the type of data collected include door data, ignition data, speed data, global positioning data, and diagnostic and trouble code data. The system further includes an external data acquisition device, such as a mainframe computer system or a hand-held computing device like an iPAQ. The external data acquisition device is configured to communicate with the telematics device over a wireless network, which enables the telematics device to transmit the time-stamped data to the external data acquisition device and receive information and instructions from the external data acquisition device. The ability of the system to automatically collect and transfer data and communicate with an external data acquisition device allows for the automation of fleet management processes, vehicle maintenance and repair processes, and certain security features."
Portable security storage hardware with wireless module,"This invention is relates to a portable security storage hardware with wireless module, which comprises a wireless module, a battery pack, a voltage regulator, and a flash memory with IC (Integrated Circuit) card reader. The wireless module can be of any wireless transmission or communication protocol or technique. The battery pack can be as power source of the wireless module, and the flash memory/IC card reader. The voltage regulator can regulate power from battery pack by DC/DC transformation to supply power to the wireless module, and the flash memory/IC card reader. The flash memory and the IC card reader are integrated into IC card identification hardware. No further extra power supply is needed. With no wire or power cord limited, the said security storage hardware with wireless module can be used freer and easier."
